paperid,author,year,study,cases,total,proportion
33,Chan,2015,Chan 2015,93,275,0.338181818
78,Lampic,2006,Lampic 2006,204,222,0.92
135,Shin,2020,Shin 2020,84,85,0.988
137,Skoog Svanberg,2006,Skoog Svanberg 2006,80,141,0.567375887
149,Tydén,2006,Tydén 2006,288,300,0.96