paperid,author,year,study,cases,total,proportion
33,Chan,2015,Chan 2015,28,275,0.000476033
78,Lampic,2006,Lampic 2006,149,222,0.67
135,Shin,2020,Shin 2020,71,85,0.835
137,Skoog Svanberg,2006,Skoog Svanberg 2006,56,141,0.397163121
149,Tydén,2006,Tydén 2006,186,300,0.62